?.???,??????????? ??-???? ???????,Division,Project office,School name
1,27131003102,??????,?????,???????
2,27100302602,??????,??????,????
3,27200606904,?????,????,????? (???????)
4,27160413502,???????,???????,?????????
5,27200602803,?????,????,???????
6,27010218502,?????,???????? ,????????
7,27260108002,?????,?????,?????
8,27010222201,?????,???????? ,??????????
9,27020401302,?????,???? ,????
10,27250109606,????,???????,.???? ??.
11,27131007502,??????,?????,??????
12,27250710802,????,???????,??????
58,27250309701,????,???????,??????? 
13,27110702102,??????,?????,?????
14,27190320702,???????,??????? ?????????,?????
15,27201310804,?????,????,???? (???????)
16,27360407104,????,??????,???
77,27250111101,????,???????, ???????
17,27020222602,?????,???? ,???????
18,27200601103,?????,????,???????
106,27110308704,??????,?????,??????
19,27260113204,?????,?????,???? ?????
20,27200603702,?????,????,???????
21,27250716203,????,???????,???????
22,27110103703,??????,?????,????
23,27090800301,??????,??????,?????????
102,27250112704,????,???????, ????? 
24,27140511902,???????,?????????,?????
25,27010108402,?????,???????? ,?????
26,27240211302,????,??? ,??????
27,27200609903,?????,????,???????
28,27200614902,?????,????,???????
29,27120206002,??????,????????,????????
30,27120402101,??????,????????,?????
31,27200605202,?????,????,????????
113,27250710703,????,???????, ???????? 
32,27260101305,?????,?????,?????
33,27361914702,????,??????,????
34,27120303302,??????,????????,????
35,27010218003,?????,???????? ,?????
36,27240210901,????,??? ,?????
37,27080200201,??????,?????,?????????
38,27261216702,?????,?????,????????
39,27260114903,?????,?????,????????
40,27270402902,???????,??????? ?????????,??????????
41,27120903703,??????,?????,???????
180,27110308704,??????,?????,??????
135,27361301501,????,?????,??????
42,27160511604,???????,???????,??????????
43,27020213402,?????,???? ,???????
150,27250714702,????,???????,???? 
288,27110405902,??????,?????,???????
44,27010207602,?????,???????? ,?????
45,27080309902,??????,?????,???????
46,27010222002,?????,???????? ,????
47,27020408802,?????,???? ,?????
48,27010204902,?????,???????? ,?????
49,27250810802,????,???????,??????? ??.
50,27121001502,??????,????????,?????
162,27250806105,????,???????,???????? 
51,27200104701,?????,????,????????
52,27010101402,?????,???????? ,?????
167,27250700303,????,???????, ????????
53,27260108302,?????,?????,????-?????
54,27360407505,????,??????,???
55,27260107203,?????,?????,???? ??????????
56,27090606202,??????,??????,?????
57,27030404902,?????,????,???????
59,27010505102,?????,?????,??????
60,27010102602,?????,???????? ,??????
61,27121005502,??????,????????,?????
62,27120609002,??????,?????,?????????
63,27120206602,??????,????????,?????????
184,27360805501,????,??????,????????
64,27201307403,?????,????,??????? (???????)
186,27250714502,????,???????,??????? 
65,27010206602,?????,???????? ,???????
66,27201302504,?????,????,??????
67,27120800108,??????,?????,???????
190,27211209704,????,??????,?????
68,27211209704,????,??????,??????
294,27210908602,????,??????,???
194,27361801003,????,??????,??????
195,27250717102,????,???????,????????    
69,27201303002,?????,????,?????
70,27020227202,?????,???? ,??????
71,27260108707,?????,?????,???????
200,27250804402,????,???????, ???????
72,27010319102,?????,???????? ,??????
73,27201107803,?????,?????,?????
74,27260101602,?????,?????,?????
75,27121007902,??????,????????,??????
76,27031002101,?????,????,????????
211,27361907202,????,??????,?????
212,27360409602,????,??????,????
214,27361120403,????,?????, ??????
216,27210102802,????,??????,?????????
337,27120516002,??????,????????,???????????
78,27320610602,????,??? ,????
79,27120305602,??????,????????,?????????
230,27040807403,???????,?????,???????
80,27010403502,?????,?????,??????
110,27190614322,???????,??????? ?????????,?????
81,27010215304,?????,???????? ,??????
148,27201401603,?????,?????,????????
82,27151512803,???????,?????,??????
344,27110405902,??????,?????,????????
83,27211222702,????,??????,????????
84,27090609202,??????,??????,??????
388,27250105706,????,???????, ???????
85,27020231502,?????,???? ,???????
266,27131218403,??????,?????,????????? 
86,27200901003,?????,?????,???????
87,27211219603,????,??????,????? (?????)
88,27310608701,????,???????,?????
89,27200608003,?????,????,?????(????)
90,27010218602,?????,???????? ,????????
91,27010220302,?????,???????? ,?????
282,27130104202,??????,????????,??????
140,27010200120,?????,???????? ,?????? ?.??.
92,27130204702,??????,?????,????????
300,27141305803,???????,????, ????? 
165,27200300803,?????,????,??????????
166,27120105434,??????,????????,??????? ??.
93,27010316802,?????,???????? ,???????
94,27361116802,????,?????,????
95,27240203401,????,??? ,????????
96,27261209902,?????,?????,???????
97,27250901721,????,???????,???????
156,27010118803,?????,???????? ,???????? ?.??.
98,27020235302,?????,???? ,????????
99,27010305802,?????,???????? ,??????
174,27030602202,?????,????,?????????
262,27141104902,???????,????, ????? 
100,27120316803,??????,????????,??????
101,27250110721,????,???????,??????
103,27120613101,??????,?????,??????????
178,27200710103,?????,????,???????
250,27250113502,????,???????, ?????  
104,27120106002,??????,????????,???????
181,27010203604,?????,???????? ,?????
185,27121102902,??????,???????,??????
105,27120419301,??????,????????,???????
107,27151502005,???????,?????,?????
261,27211205502,????,??????,???????
108,27260117204,?????,?????,?????
109,27020220702,?????,???? ,?????
111,27201304402,?????,????,???????
265,27360313903,????,?????, ???
272,27200905102,?????,?????,???????? (?.)
112,27090217201,??????,??????,??????
201,27200703602,?????,????,????
114,27120305302,??????,????????,??????
115,27010402902,?????,?????,??????
116,27320604203,????,??? ,?????
117,27120603302,??????,?????,???????
118,27200207204,?????,????,????????
202,27211218013,????,??????,??????? (???????)
278,27210100603,????,??????,??????
119,27200608503,?????,????,?????
182,27260114010,?????,?????,??????? ?????? ?????
120,27260113502,?????,?????,???????
121,27360311602,????,??????,??????
122,27360400302,????,??????,??????
287,27250313201,????,???????,???????
296,27160407702,???????,???????,????????
123,27200413902,?????,?????,????????
124,27361300410,????,?????,?????
125,27160410102,???????,???????,????
223,27340600501,????,???????,??????
290,27240202402,????,??? ,???????
126,27261213114,?????,?????,?????
397,27130906302,??????,????????,??????
127,27120605802,??????,?????,?????????
128,27120403002,??????,????????,??????
129,27120408802,??????,????????,???????
292,27360410102,????,??????,????? (?????)
130,27360316902,????,?????,??????
131,27361701401,????,?????,??????
298,27201102402,?????,?????,?????
132,27261215702,?????,?????,???????
133,27360315003,????,?????,?????
134,27361302701,????,?????,????
136,27031405202,?????,????,???????
137,27200411303,?????,?????,????????
138,27110303103,??????,?????,??????
139,27190303002,???????,??????? ?????????,?????????
301,27360301105,????,?????,???????
141,27120306602,??????,????????,?????
142,27010312803,?????,???????? ,????????
143,27360410202,????,??????,??????
144,27020233102,?????,???? ,???????
145,27020229803,?????,???? ,??????
146,27200114702,?????,????,?????? (?????)
147,27020234202,?????,???? ,?????
242,27301103704,????,???????,?????
149,27160502502,???????,???????,????????
151,27211209704,????,??????,?????
152,27201312503,?????,????,????
305,27360301202,????,?????, ???????
153,27010220602,?????,???????? ,????????
154,27201315601,?????,????,?????? (??)
155,27010606902,?????,?????,?????
220,27010111603,?????,???????? ,????????
157,27360800904,????,??????,?????
158,27130506102,??????,????????,????
159,27210912902,????,??????,??????
407,27120719101,??????,???????,???????
160,27010318002,?????,???????? ,??????
312,27211222702,????,??????,????????
368,27141112811,???????,????, ???? 
161,27120809902,??????,?????,?????
318,27201300503,?????,????,????????
319,27200413704,?????,?????,?????
163,27131507702,??????,????????,????
164,27120401901,??????,????????,????
320,27360802701,????,??????,???????
321,27360801901,????,??????,???????
168,27120806602,??????,?????,????????
169,27361807108,????,??????,?????
170,27240915702,????,??? ,????
171,27120719001,??????,???????,?????
172,27200603003,?????,????,????
173,27201315002,?????,????,????
175,27070701202,???????,?????,??????
335,27030104202,?????,????,?????
334,27360317602,????,?????,?????
263,27200114205,?????,????,???????
176,27211201310,????,??????,?????
177,27201409806,?????,?????,????????
402,27200116902,?????,????,??????? 
179,27020213502,?????,???? ,?????
336,27211208604,????,??????,????????
350,27141107502,???????,????, ??????? 
183,27201105702,?????,?????,????????
389,27050207706,???????,?????, ???
275,27200114902,?????,????,?????
277,27120601402,??????,?????,???????
339,27361302307,????,?????, ???
187,27031504004,?????,????,???.?????
188,27190313603,???????,??????? ?????????,????
189,27091008202,??????,??????,????
340,27210114402,????,??????,????
191,27211218503,????,??????,???????
192,27120716502,??????,???????,????????
193,27361800502,????,??????,?????
196,27211200102,????,??????,???
197,27030802902,?????,????,????????
377,27131500104,??????,????????,?????
345,27210100902,????,??????,?????
198,27090210201,??????,??????,???????
346,27360800804,????,??????,?????
199,27010315302,?????,???????? ,?????????
267,27020420312,?????,???? ,?????? (?.??)
291,27201201705,?????,?????,???
353,27361904402,????,??????,???????
203,27210914204,????,??????,?????
204,27030700102,?????,????,??????
205,27010405604,?????,?????,????
273,27031207304,?????,????,?????? ??.
206,27361304601,????,?????,????
207,27190406603,???????,??????? ?????????,??????
208,27201314802,?????,????,???????
209,27020309902,?????,???? ,???????
210,27200409702,?????,?????,????????
213,27071401301,???????,?????,????????
390,27110304902,??????,?????,??????
215,27201309402,?????,????,?????????
217,27201400504,?????,?????,??????
218,27070900702,???????,?????,?????????
363,27360403703,????,??????,?????
219,27031505901,?????,????,???????
369,27010511702,?????,?????,????????
221,27010222302,?????,???????? ,?????
418,27070902502,???????,?????,????????
371,27010619801,?????,?????,??? ?????
222,27211214305,????,??????,??????
224,27270216502,???????,??????? ?????????,??????
225,27010319228,?????,???????? ,?????
226,27010404102,?????,?????,???????
285,27070914202,???????,?????,????
310,27030609301,?????,????,???????
434,27290512402,????,???????,?????
227,27070608501,???????,?????,??????
403,27120700102,??????,???????,??????
228,27361907003,????,??????,?????
229,27140508902,???????,?????????,??????
386,27070614902,???????,?????,?????????
231,27141610601,???????,?????????,?????
232,27361111303,????,?????,???????
233,27120402201,??????,????????,????????
375,27360306202,????,?????, ??????????
376,27361115504,????,?????,???????
234,27360315706,????,?????,?????
382,27010405501,?????,?????,????????
235,27260712907,?????,?????,????
383,27010519802,?????,?????,???
236,27010605602,?????,?????,?????
237,27031505602,?????,????,?????
238,27361114002,????,?????,???????
424,27071508006,???????,?????,??????? (?.??)
239,27360404003,????,??????,????????
240,27010503502,?????,?????,?????
387,27010608902,?????,?????,????
385,27240815303,????,??? ,???
241,27361301308,????,?????,????????
243,27010115502,?????,???????? ,???
244,27361804303,????,??????,?????
245,27240107402,????,??? ,?????
246,27200610303,?????,????,????
247,27151514903,???????,?????,??????
248,27110813502,??????,?????,???????
249,27010112502,?????,???????? ,???????
316,27010609702,?????,?????,??????
251,27260113702,?????,?????,??????? (??????)
252,27200504303,?????,?????,????????
253,27120904702,??????,?????,??????
395,27211207304,????,??????,?????????? 
254,27030507703,?????,????,?????
255,27020305003,?????,???? ,??????
256,27010316102,?????,???????? ,????
257,27200110903,?????,????,?????
396,27361122202,????,?????, ??????
398,27010502302,?????,?????,?????????
258,27200604602,?????,????,?????
317,27151402002,???????,?????,?????
259,27201410606,?????,?????,????????
399,27361904906,????,??????,??????
341,27200104202,?????,????,????????
260,27201101301,?????,?????,?????
410,27070912202,???????,?????,??????
343,27110600504,??????,?????,???????
411,27151401802,???????,?????,?????????
425,27130906302,??????,????????,????
268,27030102802,?????,????,?????????
414,27070601202,???????,?????,?????
269,27121103802,??????,???????,??????
270,27260111703,?????,?????,????????
271,27340705703,????,???????,????
274,27031105202,?????,????,?????????
276,27210908104,????,??????,????
279,27201408802,?????,?????,?????
280,27151506804,???????,?????,??????
281,27151610102,???????,?????,?????
408,27300509102,????,???????,?????????
283,27120401801,??????,????????,???????
284,27141505202,???????,?????????,?????
286,27070900203,???????,?????,??????
413,27200401503,?????,?????,???????? 
289,27201202702,?????,?????,???????
358,27110603201,??????,?????,???????
359,27030610102,?????,????,???????
419,27010401102,?????,?????,?????
423,27070913002,???????,?????,?????? 
293,27120700403,??????,???????,????????
295,27151505508,???????,?????,?????
421,27010518602,?????,?????,??????????
297,27071409902,???????,?????,????????
372,27090218201,??????,??????,?????
299,27020410602,?????,???? ,?????
302,27151510403,???????,?????,??????
303,27200608105,?????,????,????? (????)
454,27200507005,?????,?????,???????? 
304,27200404502,?????,?????,???????
306,27010516102,?????,?????,????
307,27361103002,????,?????,??????
426,27010519502,?????,?????,??????
308,27010601002,?????,?????,???????
309,27010504702,?????,?????,??????
427,27360401402,????,??????,?????
429,27010617502,?????,?????,???????
311,27210914903,????,??????,??
430,27201402806,?????,?????,?????????
313,27201407604,?????,?????,??????
314,27361300507,????,?????,???????
315,27020231002,?????,???? ,??????
322,27020301702,?????,???? ,????????
323,27201102702,?????,?????,??????
324,27200116006,?????,????,???????????
325,27010601502,?????,?????,?????
366,27141204402,???????,?????????,??????
326,27151516402,???????,?????,????????
327,27010620701,?????,?????,????????
328,27071100302,???????,?????,??????
329,27141001502,???????,?????????,???
330,27360305202,????,?????,???????
331,27070613702,???????,?????,??????????? (?????)
332,27120607802,??????,?????,???????????
333,27020415402,?????,???? ,???????????
338,27010313204,?????,???????? ,??????
342,27070910402,???????,?????,?????????
451,27070604002,???????,?????,??????
347,27240913303,????,??? ,??????
348,27010514401,?????,?????,?????
349,27010601202,?????,?????,???????
351,27310102203,????,???????,???????
352,27200403106,?????,?????,???????
445,27360311404,????,?????, ?????????
354,27010314502,?????,???????? ,?????
355,27240916303,????,??? ,?????
356,27130501902,??????,????????,??????
452,27200502906,?????,?????,??????? (???????)
357,27020419003,?????,???? ,??????????
453,27010617702,?????,?????,????
360,27020209802,?????,???? ,????????
361,27201101204,?????,?????,???????
362,27010512502,?????,?????,???
364,27201109302,?????,?????,??????
365,27360306802,????,?????,??????
367,27010508902,?????,?????,???
370,27361802104,????,??????,??????
474,27141114702,???????,????, ????? 
373,27070610202,???????,?????,????
374,27010616802,?????,?????,?????
463,27010608801,?????,?????,??????
464,27010522501,?????,?????,?????????
378,27020416202,?????,???? ,????????
379,27010402102,?????,?????,???????????
462,27361908402,????,??????,?????
380,27010601002,?????,?????,??????
381,27260104702,?????,?????,?????
384,27201410702,?????,?????,?????? 
478,27140108902,???????,????, ?????? 
470,27140406901,???????,????, ??????? 
468,27201403007,?????,?????,??????? (???????)
391,27141004302,???????,?????????,??????? ??
392,27200505205,?????,?????,???
393,27201101902,?????,?????,????
394,27141011202,???????,?????????,????????
469,27201100402,?????,?????,?????? (??)
400,27201100803,?????,?????,????
401,27201108102,?????,?????,?????
473,27361300707,????,?????,??????
404,27010611002,?????,?????,??????
405,27200409902,?????,?????,?????
406,27140608502,???????,?????????,?????
447,27121007701,??????,????????,???????????
409,27270219702,???????,??????? ?????????,??????
412,27140600502,???????,?????????,???????
415,27360316803,????,?????,????
416,27360800703,????,??????,???
481,27120402301,??????,????????,????????
417,27120509502,??????,????????,?????
420,27010214501,?????,???????? ,???????
476,27360304901,????,?????,???????
422,27200410003,?????,?????,??????
450,27151401802,???????,?????,????
465,27200303302,?????,????,????????
466,27120506305,??????,????????,???????
428,27360803501,????,??????,?????
487,27121106501,??????,???????,????
483,27060310406,???????,?????, ?????????
431,27030608302,?????,????,?????????
491,27140503302,???????,?????????,????
432,27261214102,?????,?????,????????????
433,27201307802,?????,????,?????? -?
435,27141604501,???????,?????????,??????
437,27141502702,???????,?????????,??????
438,27201401401,?????,?????,?????? 
482,27361103703,????,?????, ?????
439,27200116503,?????,????,??????
440,27360403603,????,??????,??????
475,27151519602,???????,?????,???????????
486,27040509403,???????,?????, ????? 
493,27060203860,???????,?????,?????????? 
441,27200102903,?????,????,??????
488,27050411602,???????,?????, ????? ?? 
442,27360309001,????,?????,??????
485,27360407303,????,??????,???????
489,27041100302,???????,?????, ?????? 
494,27010523300,?????,?????,???????
443,27141504602,???????,?????????,?????
490,27060207202,???????,?????, ???????? 
444,27260904004,?????,?????,????????
472,27151508302,???????,?????,?????
446,27361101803,????,?????,???????
264,27141607403,???????,?????????,?????????
448,27070604102,???????,?????,?????
449,27010518702,?????,?????,?????
455,27140506004,???????,?????????,??????
456,27151605708,???????,?????,?????
457,27010521002,?????,?????,????????
458,27240306702,????,??? ,??????
459,27151506302,???????,?????,??????
460,27010409702,?????,?????,??????
461,27200509402,?????,?????,?????
492,27241100403,????,??? ,???????
436,27141612504,???????,?????????,???
467,27130708902,??????,????????,???????
495,27010510702,?????,?????,????
496,27070911202,???????,?????,??????? 
471,27140801202,???????,?????????,??????
477,27361116901,????,?????,??????
479,27240510804,????,??? ,??????
480,27151517105,???????,?????,???? (??)
484,27010616402,?????,?????,??????
497,27010618302,?????,?????,?????????
